{"cameraMode":{"drawMode":0,"name":"Shaded","section":"Shading Mode"},"sceneLighting":true,"audioPlay":false,"sceneViewState":{"showFog":true,"showMaterialUpdate":true,"showSkybox":true,"showFlares":true,"showImageEffects":true,"showParticleSystems":true},"in2DMode":false,"pivot":{"x":-1.3096094131469727,"y":3.0647644996643068,"z":-3.738339900970459},"rotation":{"x":0.09842076152563095,"y":0.4694364368915558,"z":-0.05274882912635803,"w":0.8758795261383057},"size":1.2751688957214356,"orthographic":false}